{"cameraMode":{"drawMode":0,"name":"Shaded","section":"Shading Mode"},"sceneLighting":false,"audioPlay":false,"sceneViewState":{"showFog":true,"showMaterialUpdate":false,"showSkybox":true,"showFlares":true,"showImageEffects":true,"showParticleSystems":true},"in2DMode":false,"pivot":{"x":-0.8168867826461792,"y":0.623852550983429,"z":-5.960464477539063e-8},"rotation":{"x":-0.1734502613544464,"y":-0.05433070659637451,"z":0.009582743979990483,"w":-0.9832962155342102},"size":7.605907440185547,"orthographic":true}