{"cameraMode":{"drawMode":0,"name":"Shaded","section":"Shading Mode"},"sceneLighting":false,"audioPlay":false,"sceneViewState":{"showFog":true,"showMaterialUpdate":false,"showSkybox":true,"showFlares":true,"showImageEffects":true,"showParticleSystems":true},"in2DMode":false,"pivot":{"x":-0.3263537883758545,"y":0.43446415662765505,"z":-5.960464477539063e-8},"rotation":{"x":-0.23000827431678773,"y":-0.1407245546579361,"z":0.033633314073085788,"w":-0.962372899055481},"size":6.041226863861084,"orthographic":true}