{"cameraMode":{"drawMode":0,"name":"Shaded","section":"Shading Mode"},"sceneLighting":true,"audioPlay":false,"sceneViewState":{"showFog":true,"showMaterialUpdate":false,"showSkybox":true,"showFlares":true,"showImageEffects":true,"showParticleSystems":true},"in2DMode":false,"pivot":{"x":-46.305442810058597,"y":1.318658471107483,"z":14.962559700012207},"rotation":{"x":-0.09295223653316498,"y":-0.10404884070158005,"z":0.00976655911654234,"w":-0.9901708960533142},"size":57.61145782470703,"orthographic":true}