{"cameraMode":{"drawMode":0,"name":"Shaded","section":"Shading Mode"},"sceneLighting":false,"audioPlay":false,"sceneViewState":{"showFog":true,"showMaterialUpdate":false,"showSkybox":true,"showFlares":true,"showImageEffects":true,"showParticleSystems":true},"in2DMode":false,"pivot":{"x":-0.8168867826461792,"y":0.623852550983429,"z":-5.960464477539063e-8},"rotation":{"x":0.002397658536210656,"y":-0.03868730366230011,"z":-0.00009318588126916438,"w":-0.9992485046386719},"size":3.640868663787842,"orthographic":true}